User_ID,User_Name,Password,Email_ID,Mobile_Number,Plan_ID,User_Type
1,Melodee,7zj0m93xWj,martrick0@jigsy.com,2276321528,1,Non_Premium
2,Reynold,HdLQGIDF6,rmcgray1@upenn.edu,9859788788,1,Non_Premium
3,Dania,6Om5uqrFc,dbeet2@google.fr,6184498089,1,Non_Premium
4,Dawn,UdP8PM,dalban3@behance.net,1145558220,1,Non_Premium
5,Price,tE0JUINRt4,pgosswell4@marriott.com,1115933173,1,Non_Premium
6,Shanna,3nQa05Xht8sX,scousen5@cornell.edu,9587373417,1,Non_Premium
7,Beverlee,ztiG4XWSbWd,bfoss6@nydailynews.com,1741279149,1,Non_Premium
8,Dorian,OsWsuIF,drawlingson7@auda.org.au,1699501815,1,Non_Premium
9,Michel,6IHjoaJ19M,mheinl8@wufoo.com,6575433862,1,Non_Premium
10,Dame,sj641uq,dmallinder9@usgs.gov,7867271396,1,Non_Premium
11,Fayette,qpyWG2Rr,finswortha@storify.com,2687642238,1,Non_Premium
12,Yvonne,SOKWWbID62,yknealb@tmall.com,5601726366,1,Non_Premium
13,Ulrich,bmmiwz,uoverburyc@oracle.com,6771770704,1,Non_Premium
14,Merline,Zw5V63Ep,mvoakd@indiegogo.com,7096567953,1,Non_Premium
15,Jobi,yStWBQF5,jgladwishe@usa.gov,6151900502,1,Non_Premium
16,Cacilia,T8CKqQIkh,cripsherf@gravatar.com,7143947429,1,Non_Premium
17,Melinde,V72IWxC,mvowellsg@xing.com,7026745168,1,Non_Premium
18,Catlaina,xCxLOFFDiL,cmoyesh@craigslist.org,2409097603,1,Non_Premium
19,Milena,ffrEyIWIGB3B,mwalesi@icio.us,3134908381,1,Non_Premium
20,Karole,9TtZ8qJn,kjamesj@buzzfeed.com,8311831446,1,Non_Premium
21,Dimitry,ucKQhpU,dkornask@ycombinator.com,4089044487,1,Non_Premium
22,Patrizia,Nvw85aSOHqZ,pgynnil@posterous.com,2992526749,1,Non_Premium
23,Iver,lQqjpOPuRV1O,ifiddymentm@jigsy.com,5292621174,1,Non_Premium
24,Carmella,7RPgaFlOvtg,caudenisn@shinystat.com,1352011861,1,Non_Premium
25,Sergio,84Zu3isUAV,srosemano@dagondesign.com,3086615157,1,Non_Premium
26,Zahara,czX2O3aZBWi0,zgislebertp@telegraph.co.uk,8358401027,1,Non_Premium
27,Ardenia,mcZqhcIhbQuo,adunsmuirq@google.co.uk,8994917142,1,Non_Premium
28,Clim,aHLstmaWxwTs,cbelseyr@example.com,3806366841,1,Non_Premium
29,Siusan,nt4oMk,slamperts@uol.com.br,2301467229,1,Non_Premium
30,Krissie,aYajA3zCIW,kklesst@merriam-webster.com,2873413470,1,Non_Premium
31,Sonny,VLlSmE,sseamansu@usatoday.com,6232290105,1,Non_Premium
32,Catriona,GTNkeECVV,cdipplev@hhs.gov,7808688208,1,Non_Premium
33,Stanfield,VtOov7eYZar,scrippillw@gizmodo.com,3097525556,1,Non_Premium
34,Jessika,IZyWO6,jbairstowx@bloglovin.com,7101751553,1,Non_Premium
35,Yancey,sp9G03zwRY,ydowney@chron.com,1381410403,1,Non_Premium
36,Wheeler,evKk6fbxPk,wgrafhomz@cargocollective.com,8229479050,1,Non_Premium
37,Coleman,2vOW60nlVY,cvassie10@usnews.com,1696864032,1,Non_Premium
38,Genia,Ynvx0g43G,gmullaney11@studiopress.com,6662192268,1,Non_Premium
39,Jania,K33v7HaC4dy,jcoultar12@xinhuanet.com,6359042304,1,Non_Premium
40,Dinny,NynWwgleKjgB,dgossan13@shareasale.com,7523312006,1,Non_Premium
41,Maximilianus,qazCPv,mtutill14@delicious.com,3073918854,1,Non_Premium
42,Jaquenetta,isMwfqJ,jbesset15@answers.com,5322967101,1,Non_Premium
43,Donni,rkG9X3Z,dstrewther16@csmonitor.com,3151932336,1,Non_Premium
44,Ahmed,NZ8t7n,alince17@people.com.cn,3744610498,1,Non_Premium
45,Trescha,1zetMdFHIY3,tpindar18@oracle.com,9886111200,1,Non_Premium
46,Jayme,H7Ne593AbNp,jbrotheridge19@tumblr.com,9122700679,1,Non_Premium
47,Early,EJiqMkuF,eshaddock1a@chron.com,8292847193,1,Non_Premium
48,Magdalen,Tjhrnj8v,mgayton1b@zimbio.com,8051878353,1,Non_Premium
49,Jackelyn,7z8dMEmS2,jpaule1c@a8.net,4039436333,1,Non_Premium
50,Ardella,pmD0CBILD,aellsom1d@nytimes.com,6695945239,1,Non_Premium
51,Gena,WAG3o7J5HIp1,gshorte1e@chicagotribune.com,9126360188,1,Non_Premium
52,Charissa,WpKt67tE,csherbrooke1f@theglobeandmail.com,2826823329,1,Non_Premium
53,Ida,Hx2SKYtaB,iwillcock1g@jigsy.com,7996830028,1,Non_Premium
54,Jordon,0paofwzj5,jyarn1h@ehow.com,1082282104,1,Non_Premium
55,Raddy,vMo3VtlDY,rconti1i@house.gov,7439331806,1,Non_Premium
56,Kort,LpXOsqZ2,kdodridge1j@mozilla.com,6678479930,1,Non_Premium
57,Cosette,RuMVIwmcP,ccoolahan1k@cnet.com,5273952076,1,Non_Premium
58,Carlin,oJlrCy,cfrancey1l@arstechnica.com,7076166704,1,Non_Premium
59,Faunie,8CFcNN,ftydeman1m@macromedia.com,5882244025,1,Non_Premium
60,Shauna,OMg7mwM2,sryland1n@sciencedaily.com,9049172395,1,Non_Premium
61,Jo-anne,sMRplE,jjewis1o@imageshack.us,3298255010,1,Non_Premium
62,Dorette,XEd8uC5vvf9,dlazonby1p@columbia.edu,2972512438,1,Non_Premium
63,Dorthy,vaNgc9IqTy,dpedersen1q@so-net.ne.jp,5392547136,1,Non_Premium
64,Rabi,RVEAzNE,rivanchov1r@weather.com,1975709198,1,Non_Premium
65,Cooper,fgQdHL,cmatzaitis1s@ibm.com,5232407587,1,Non_Premium
66,Garek,JcZXqF,ghavock1t@friendfeed.com,9745572463,1,Non_Premium
67,May,KQ7NK2C3,mvalintine1u@cisco.com,4407794391,1,Non_Premium
68,Alisha,y2tjwOdjN,acesco1v@ed.gov,6526042701,1,Non_Premium
69,Pierson,pUZFx9,plaurie1w@biglobe.ne.jp,2802716020,1,Non_Premium
70,Elwin,njhfUe9,elegion1x@fastcompany.com,7321778350,1,Non_Premium
71,Brita,8osKGIvRw6,bnovotna1y@usgs.gov,2491956803,1,Non_Premium
72,Yvette,rBNLqpIKKcg9,yfreen1z@wunderground.com,7582829428,1,Non_Premium
73,Roma,xSVHWnjG,rrops20@wikipedia.org,9767411965,1,Non_Premium
74,Giavani,zswmNRf5,gskune21@disqus.com,8934153969,1,Non_Premium
75,Fanchette,BkEEfI,ftop22@g.co,8193974917,1,Non_Premium
76,Jermain,2JMIn20gg,jpearsall23@edublogs.org,7781503125,1,Non_Premium
77,Luca,m7F4HGQ85t1,loxbie24@unicef.org,8916342559,1,Non_Premium
78,Ulrike,IEtP69nFnX,uphythian25@webnode.com,8421633296,1,Non_Premium
79,Leola,kXeLrDpQvi,lkaming26@unc.edu,5942572512,1,Non_Premium
80,Hansiain,xG9FbI,hhan27@jiathis.com,4141890003,1,Non_Premium
81,Fonz,8dcuCXUmN1Y,fgillice28@elpais.com,4918994069,1,Non_Premium
82,Tyrone,IKIzTXe07t,tfilgate29@so-net.ne.jp,8712503225,1,Non_Premium
83,Zara,XNuq2QHym,zmckinless2a@kickstarter.com,8026895081,1,Non_Premium
84,Worden,FbbBiVie,wcaccavari2b@house.gov,5979001025,1,Non_Premium
85,Leticia,HUVpBoHg,lwaistall2c@ucsd.edu,5761579141,1,Non_Premium
86,Josefina,2iScSFA,jeasthope2d@edublogs.org,5433247236,1,Non_Premium
87,Butch,k2Zr3Gefb8S,bclamp2e@google.cn,8067354759,1,Non_Premium
88,Reggis,iBvwNEmq03,rrosenstengel2f@va.gov,4459735446,1,Non_Premium
89,Carly,NrQv1YYE,ckeyson2g@independent.co.uk,7425451085,1,Non_Premium
90,Clair,CD7Mv9,ctrenaman2h@yellowpages.com,4358328974,1,Non_Premium
91,Corly,T3IdYDe9UDm,cfaley2i@digg.com,8277756754,1,Non_Premium
92,Massimo,eTHPyNq9,mkitter2j@nsw.gov.au,8868425135,1,Non_Premium
93,Teodoro,E3Es3zpE,tmarre2k@furl.net,7827007587,1,Non_Premium
94,Joelle,QCLaRAx,jsparshott2l@geocities.jp,9213923128,1,Non_Premium
95,Grantham,YKjXc2dVWL,gwolver2m@github.com,7542341085,1,Non_Premium
96,Reginald,MnPq43350kW,rallenby2n@ustream.tv,5713468132,1,Non_Premium
97,Rubie,3UhLJgpqKU,rfobidge2o@livejournal.com,7303283418,1,Non_Premium
98,Arabele,ulbL26CyKS,abond2p@usatoday.com,9115329285,1,Non_Premium
99,Merrie,BI9xrJVPY,mblindt2q@yellowpages.com,2469718387,1,Non_Premium
100,Doris,DJiP29,drait2r@dmoz.org,9566470787,1,Non_Premium
101,Marlyn,8XMdxAJBOV,mrosita2s@omniture.com,7966705152,1,Non_Premium
102,Farly,x2qPV10qPk,fenglish2t@sohu.com,2563226960,1,Non_Premium
103,Lorene,y9A8OJluKkC,lranshaw2u@360.cn,1687998647,1,Non_Premium
104,Robyn,RdBPai6,rbrandom2v@com.com,9273744368,1,Non_Premium
105,Vern,wEo5qTXmeH,vrosie2w@cnn.com,8605692406,1,Non_Premium
106,Catlin,DDIKLGYFFK,ctimmermann2x@sourceforge.net,7825106682,1,Non_Premium
107,Isaak,tPkFyLe80U,ialliband2y@wsj.com,2498228321,1,Non_Premium
108,Rustin,cCTqs1,rbaptie2z@latimes.com,3515098864,1,Non_Premium
109,Dee dee,zczM5Bod,dpunton30@odnoklassniki.ru,3514498939,1,Non_Premium
110,Sadie,YQYEXjwhA50,sstoeckle31@house.gov,4185584759,1,Non_Premium
111,Ida,Sh0SJl6p,ihyslop32@zdnet.com,6771059042,1,Non_Premium
112,Selestina,ExaqGjeaEr2H,skleinberer33@google.cn,6538407527,1,Non_Premium
113,Piotr,2LW9Xv,pmacphail34@netscape.com,1483490764,1,Non_Premium
114,Theo,t35SKb,tguiden35@amazon.de,5066301334,1,Non_Premium
115,Mathilde,MniCN1,mjarmain36@tumblr.com,6721138328,1,Non_Premium
116,Yale,hxpIm0P8Uuj0,yslark37@paypal.com,4186367710,1,Non_Premium
117,Kendall,EIemtKPCU,kdufoure38@usa.gov,3887647116,1,Non_Premium
118,Kirstin,dDh96O5,kgaddas39@biblegateway.com,4403868777,1,Non_Premium
119,Whittaker,LOd5n6,wruffli3a@meetup.com,2767588812,1,Non_Premium
120,Manya,CcGPUMlr,mfarndell3b@kickstarter.com,2529025884,1,Non_Premium
121,Gui,Rmob5Ah,garonowitz3c@booking.com,4989538443,1,Non_Premium
122,Auberta,7QZprHJL,aasee3d@smugmug.com,1153465308,1,Non_Premium
123,Julieta,w3aoilTlWmkM,jbennike3e@walmart.com,5175318851,1,Non_Premium
124,Lorry,mgImlxzoGpo,lguyers3f@yahoo.co.jp,9669185576,1,Non_Premium
125,Bess,YsEIQwLm7,bmagson3g@ifeng.com,7864725809,1,Non_Premium
126,Jacki,u49ueR0MJ,jpolet3h@blog.com,9606086899,1,Non_Premium
127,Mordecai,OnbnTZg,mreynold3i@mayoclinic.com,9406642664,1,Non_Premium
128,Fredek,xPhD9g,fpack3j@berkeley.edu,7964115360,1,Non_Premium
129,Alf,XHw7u4ne,ashovelbottom3k@hostgator.com,3974145718,1,Non_Premium
130,Dale,oNFxmNUmBsv1,dever3l@ca.gov,3114154309,1,Non_Premium
131,Zebedee,39RBlI,zbeavan3m@java.com,5388175818,1,Non_Premium
132,Jazmin,oRLxXoRgt,jpordal3n@vistaprint.com,6246165814,1,Non_Premium
133,Frannie,5HnNjuB2Sq,fmcgarry3o@miibeian.gov.cn,6265652946,1,Non_Premium
134,Caril,rEJKSTNDEYZ,cseagrave3p@slashdot.org,4844214715,1,Non_Premium
135,Doralynne,Z1xi2GI,dtossell3q@wix.com,8641333462,1,Non_Premium
136,Cinderella,gShFLI,cfassan3r@usda.gov,6229531280,1,Non_Premium
137,Harriet,PW35h6l,hainsby3s@miitbeian.gov.cn,7765845526,1,Non_Premium
138,Jenna,WgZSeIR,jtruckell3t@ebay.com,2167258357,1,Non_Premium
139,Essy,c4CJShJjg,ebetz3u@dailymotion.com,5931519316,1,Non_Premium
140,Greggory,DpfiNp2JQAR,gcapps3v@bloomberg.com,9201123723,1,Non_Premium
141,Blaire,aRxRBRKhCJQO,bpasse3w@g.co,5436851776,1,Non_Premium
142,Eugenio,m9fVqUkvmxCB,ealford3x@nature.com,5208400005,1,Non_Premium
143,Michal,Lvi5zOPMt,mskylett3y@census.gov,5192543057,1,Non_Premium
144,Enrichetta,uClMPVnH,ethams3z@mozilla.org,3512534108,1,Non_Premium
145,Townie,99YA9w3iBI,tbartholat40@adobe.com,8312884617,1,Non_Premium
146,Glyn,mPtcCw0tgyV,gbarnhill41@slideshare.net,1337604618,1,Non_Premium
147,Moishe,e8c9MWZyZ,mletchmore42@cnbc.com,5999258788,1,Non_Premium
148,Marlee,rQDq8goSrbEN,mdener43@skype.com,7898311093,1,Non_Premium
149,Bogey,rhPlyS,bsiemens44@latimes.com,8214376742,1,Non_Premium
150,Billye,s2kkPUYrAC1,bmckeveney45@shareasale.com,6231990598,1,Non_Premium
151,Genvieve,V8M7iWVfy,gdurtnell46@java.com,5486399541,1,Non_Premium
152,Desirae,IC2K3LFdGHH,dbark47@freewebs.com,1762975887,1,Non_Premium
153,Elbert,ZeYkCSP,eroberts48@nytimes.com,9094638320,1,Non_Premium
154,Verne,HjdYtY,vbarrass49@forbes.com,6752728763,1,Non_Premium
155,Pierre,maT8kIZL5G6U,pyurevich4a@kickstarter.com,9088197062,1,Non_Premium
156,Janelle,GMJdqT08Zd,jkeitch4b@opera.com,1285996887,1,Non_Premium
157,Oberon,OYDGqpH6aY0,ostobbie4c@miibeian.gov.cn,8014282513,1,Non_Premium
158,Gui,b6DEtVEVK,gpott4d@foxnews.com,7531385932,1,Non_Premium
159,Suki,hQPecMx,scoton4e@ucoz.com,3088067260,1,Non_Premium
160,Judah,uj4MFlxoCDI,jgillespey4f@apple.com,5179442202,1,Non_Premium
161,Anny,H8tANdTzg,aoliphard4g@xrea.com,9699982695,1,Non_Premium
162,Bradly,DR2LfE2h,bsidwell4h@booking.com,1945751603,1,Non_Premium
163,Kenny,GYqr1sPg8us,klownes4i@oakley.com,8394037269,1,Non_Premium
164,Domenico,uihnfbc6tR,ddonald4j@techcrunch.com,6126372356,1,Non_Premium
165,Selina,NlGG0uoXK8vZ,sdowson4k@macromedia.com,3717655750,1,Non_Premium
166,Granger,xYVdDQ8p,ggianuzzi4l@webeden.co.uk,7024099544,1,Non_Premium
167,Matilda,nuY4BR,msimonett4m@exblog.jp,9802622867,1,Non_Premium
168,Taffy,RIoATd2,tcopins4n@patch.com,5635430567,1,Non_Premium
169,Dominga,YFSftH783TuE,dseth4o@angelfire.com,7556478769,1,Non_Premium
170,Susanetta,HsAuGt,spizey4p@dmoz.org,9273691233,1,Non_Premium
171,Sigrid,9HLYZyb71qa,smcgowing4q@reference.com,2204268747,1,Non_Premium
172,Karalynn,YY94FB2,kfarlam4r@dmoz.org,4157060101,1,Non_Premium
173,Paulie,B4NksjArbQ,pyakunin4s@illinois.edu,3924921282,1,Non_Premium
174,Teriann,iJTwIghX2o,tmogey4t@sbwire.com,9875138453,1,Non_Premium
175,Nicolette,F77idY,naronow4u@harvard.edu,1877294978,1,Non_Premium
176,Ozzie,mKLhzmR1jbzP,oscougal4v@hibu.com,8547346729,1,Non_Premium
177,Van,lZK6ufId6mbY,vmacmeekan4w@rediff.com,5759566438,1,Non_Premium
178,Shana,CJQ9gW03WI,smatzke4x@sun.com,2713109424,1,Non_Premium
179,Koo,mT4ipF7JB,kneesam4y@networksolutions.com,5553093775,1,Non_Premium
180,Angelica,hfhX8T564mr9,arussam4z@flavors.me,4056926694,1,Non_Premium
181,Niels,ho2d0bL,nmorrissey50@digg.com,7338114895,1,Non_Premium
182,Jenda,jUXrM6e,jeayres51@cocolog-nifty.com,3497149630,1,Non_Premium
183,Tabb,duY5WZq,tisaacs52@homestead.com,2759361810,1,Non_Premium
184,Tyler,mOE7jhm4zl,tcobain53@netscape.com,5577020710,1,Non_Premium
185,Burgess,42FYybhaziG,bricioppo54@rediff.com,8258020154,1,Non_Premium
186,Andy,8vBO1HrfV,amerrgen55@illinois.edu,5459862279,1,Non_Premium
187,Bathsheba,r28wg2v,bbrazil56@ed.gov,4571362257,1,Non_Premium
188,Rudd,wAR5izfa,rdurnin57@elegantthemes.com,1321367349,1,Non_Premium
189,Gino,NT0ZMlVM37,gdahmel58@ameblo.jp,8009797248,1,Non_Premium
190,Guthrey,UZNXwj7Wqi8v,gfreckelton59@blogs.com,1473158890,1,Non_Premium
191,Dannel,6Qiz0vuM,dgregr5a@goo.gl,1338700981,1,Non_Premium
192,Orlando,Ey7M9Rm,oespinel5b@flavors.me,5132377548,1,Non_Premium
193,Luca,YSTfoUNLXy,lmeaton5c@cmu.edu,1028460102,1,Non_Premium
194,Thaine,vasDRrK,tking5d@wikia.com,4203363386,1,Non_Premium
195,Gustaf,XLMM6tFsn,gmarlowe5e@furl.net,2606675022,1,Non_Premium
196,Hulda,xLtOT23l,hdanilovich5f@webnode.com,7442878729,1,Non_Premium
197,Ambrosi,9MHlocbC0m,atower5g@a8.net,4987060286,1,Non_Premium
198,Billie,mrfrBag1T0,bcatlow5h@amazon.de,2955457234,1,Non_Premium
199,Odie,R2tMcK39,odales5i@arizona.edu,9286344090,1,Non_Premium
200,Cristy,HcHMSN,curridge5j@pbs.org,9496660916,1,Non_Premium
